<?xml version="1.0" encoding="UTF-8"?>
<project-private xmlns="http://www.netbeans.org/ns/project-private/1">
    <editor-bookmarks xmlns="http://www.netbeans.org/ns/editor-bookmarks/2" lastBookmarkId="0"/>
    <open-files xmlns="http://www.netbeans.org/ns/projectui-open-files/2">
        <group>
            <file>file:/C:/Users/Ankita%20Chandra/Documents/NetBeansProjects/IOOM332C_OfflineQuizSoftware-master/src/Classes/Complex.java</file>
            <file>file:/C:/Users/Ankita%20Chandra/Documents/NetBeansProjects/IOOM332C_OfflineQuizSoftware-master/src/midsemesterproject/MidSemesterProject.java</file>
            <file>file:/C:/Users/Ankita%20Chandra/Documents/NetBeansProjects/IOOM332C_OfflineQuizSoftware-master/src/interfaces/Result.java</file>
            <file>file:/C:/Users/Ankita%20Chandra/Documents/NetBeansProjects/IOOM332C_OfflineQuizSoftware-master/src/question.java</file>
            <file>file:/C:/Users/Ankita%20Chandra/Documents/NetBeansProjects/IOOM332C_OfflineQuizSoftware-master/src/interfaces/Starting.java</file>
            <file>file:/C:/Users/Ankita%20Chandra/Documents/NetBeansProjects/IOOM332C_OfflineQuizSoftware-master/src/data/goodQuestions.csv</file>
            <file>file:/C:/Users/Ankita%20Chandra/Documents/NetBeansProjects/IOOM332C_OfflineQuizSoftware-master/src/Classes/Good.java</file>
            <file>file:/C:/Users/Ankita%20Chandra/Documents/NetBeansProjects/IOOM332C_OfflineQuizSoftware-master/src/Classes/Question.java</file>
            <file>file:/C:/Users/Ankita%20Chandra/Documents/NetBeansProjects/IOOM332C_OfflineQuizSoftware-master/src/interfaces/QuizInterface.java</file>
            <file>file:/C:/Users/Ankita%20Chandra/Documents/NetBeansProjects/IOOM332C_OfflineQuizSoftware-master/src/Classes/Tough.java</file>
        </group>
    </open-files>
</project-private>
