A process that involves recognizing and focusing on the important characteristics of a situation or object is known as:,Encapsulation,Polymorphism,Abstraction,Inheritance.,1^4
Which statement is true regarding an object?,An object is what classes instantiated are from,An object is an instance of a class,An object is a variable,An object is a reference to an attribute.,1
In object-oriented programming- composition relates to,The use of consistent coding conventions,The organization of components interacting to achieve a coherent and common behavior,The use of inheritance to achieve polymorphic behavior,The organization of components interacting not to achieve a coherent common behavior.,1^2^3
In object-oriented programming- new classes can be defined by extending existing classes. This is an example of:,Encapsulation,Interface,Composition,Inheritance.,1^3
Which of the following does not belong: If a class inherits from some other class. It should,Make use of the parent class’s capabilities,Over-ride or add the minimum to accomplish the derived class’ purpose,Over-ride all the methods of its parent class,Make sure the result “IS-A-KIND-OF” its base class,2^3
Object-oriented inheritance models the,“is a kind of” relationship,“has a” relationship,“want to be” relationship,inheritance does not describe any kind of relationship between classes,2
Given a class named student, which of the following is a valid constructor declaration for the class?,Student (student s) { },Student student ( ) { },Private final student ( ) { },Void student ( ) { },1^2^3
The concept of multiple inheritances is implemented in Java by I. Extending two or more classes. II. Extending one class and implementing one or more interfaces. III. Implementing two or more interfaces.,Only (II),(I) and (II),(II) and (III),Only (I),1^4
What is the error in the following class definitions?Abstract class xy{abstract sum (int x, int y) { }},Class header is not defined properly.,Constructor is not defined.,Method is not defined properly,Method is defined properly,3
Which of the following is true about this pointer?,It is passed as a hidden argument to all function calls,It is passed as a hidden argument to all non-static function call,It is passed as a hidden argument to all static functions,None of the above,2