What is the size of short variable?,8 bit,16 bit,32 bit,64 bit,1
Which of these packages contain all the collection classes?,java.lang,java.util,java.net,java.awt,2
Which of these classes is not part of Java’s collection framework?,Maps,Array,Stack,Queue,4
Which of these interface is not a part of Java’s collection framework?,List,Set,SortedMap,SortedList,4
Which of these is static variable defined in Collections?,EMPTY_SET,EMPTY_LIST,EMPTY_MAP,All of the mentioned,4
Which of these is an incorrect form of using method max() to obtain maximum element?,max(Collection c),max(Collection c- Comparator comp),max(Comparator comp),max(List c),3
Which of these methods sets every element of a List to a specified object?,set(),fill(),Complete(),add(),2
Which of these methods can convert an object into a List?,SetList(),ConvertList(),singletonList(),CopyList(),3
Which of these interface handle sequences?,Set,List,Comparator,Collection,2
Which of these interface is not a part of Java’s collection framework?,List,Set,SortedMap,SortedList,4